{"Total_time": 2888.796047449112, "Val": 0.819453630217519, "Test": 0.738511751868518, "Train": 0.9795747449367709, "BestTrain": 0.9905693295463259}