{"Total_time": 3083.1557462215424, "Val": 0.8443470752498529, "Test": 0.7608296799860949, "Train": 0.8823445630595368, "BestTrain": 0.9998888154379328}